image_id,true_label,predicted_label
ISIC_0026769,bkl,akiec
ISIC_0025661,bkl,bcc
ISIC_0029396,bkl,bcc
ISIC_0025984,bkl,bkl
ISIC_0024981,bkl,mel
ISIC_0029161,bkl,vasc
ISIC_0026273,bkl,vasc
ISIC_0031691,bkl,vasc
ISIC_0025419,bkl,bkl
ISIC_0025016,bkl,bkl
ISIC_0029147,bkl,bcc
ISIC_0024698,nv,mel
ISIC_0025099,bkl,bkl
ISIC_0031485,bkl,nv
ISIC_0025140,bkl,bkl
ISIC_0025554,bkl,bkl
ISIC_0029289,bkl,vasc
ISIC_0029912,bkl,bkl
ISIC_0030768,bkl,bkl
ISIC_0029837,bkl,bkl
ISIC_0032382,bkl,bkl
ISIC_0027533,bkl,bkl
ISIC_0029674,bkl,bkl
ISIC_0028607,bkl,bkl
ISIC_0024623,bkl,bkl
ISIC_0029613,bkl,bkl
ISIC_0026794,bkl,bkl
ISIC_0032534,bkl,bkl
ISIC_0033785,bkl,bkl
ISIC_0033184,bkl,bkl
ISIC_0033041,bkl,bkl
ISIC_0033900,bkl,bkl
ISIC_0033361,bkl,bkl
ISIC_0032732,bkl,bkl
ISIC_0032778,bkl,nv
ISIC_0033466,bkl,bkl
ISIC_0033973,bkl,bkl
ISIC_0033761,bkl,bkl
ISIC_0033505,bkl,bkl
ISIC_0033280,bkl,bkl
ISIC_0033212,bkl,bkl
ISIC_0033770,bkl,bkl
ISIC_0032688,bkl,bkl
ISIC_0033252,bkl,bkl
ISIC_0032570,bkl,bkl
ISIC_0033736,bkl,df
ISIC_0033378,bkl,bkl
ISIC_0033379,bkl,bkl
ISIC_0033438,bkl,bkl
ISIC_0032983,bkl,bkl
ISIC_0034024,bkl,bkl
ISIC_0033952,bkl,bkl
ISIC_0033606,bkl,bkl
ISIC_0034103,bkl,mel
ISIC_0032883,bkl,mel
ISIC_0032665,bkl,bkl
ISIC_0033130,bkl,bkl
ISIC_0032757,bkl,bkl
ISIC_0032508,bkl,bkl
ISIC_0034201,bkl,bkl
ISIC_0033776,bkl,bkl
ISIC_0033056,bkl,bkl
ISIC_0025180,bkl,bkl
ISIC_0026107,bkl,bkl
ISIC_0032567,bkl,bkl
ISIC_0033088,bkl,bkl
ISIC_0032756,bkl,bkl
ISIC_0033587,bkl,mel
ISIC_0032675,bkl,bkl
ISIC_0034235,bkl,bkl
ISIC_0034007,bkl,bkl
ISIC_0032898,bkl,bkl
ISIC_0033488,bkl,bkl
ISIC_0033758,bkl,bkl
ISIC_0033507,bkl,bkl
ISIC_0033791,bkl,mel
ISIC_0034259,bkl,bkl
ISIC_0033446,bkl,bkl
ISIC_0033200,bkl,bkl
ISIC_0029472,bkl,mel
ISIC_0029682,bkl,mel
ISIC_0029014,bkl,bkl
ISIC_0031620,bkl,bkl
ISIC_0027218,bkl,bkl
ISIC_0030272,bkl,bkl
ISIC_0031345,bkl,akiec
ISIC_0028701,bkl,bkl
ISIC_0027713,bkl,bkl
ISIC_0026623,bkl,mel
ISIC_0026844,bkl,bkl
ISIC_0026827,bkl,bkl
ISIC_0025656,bkl,bkl
ISIC_0029010,bkl,bkl
ISIC_0032335,bkl,bkl
ISIC_0027781,bkl,bkl
ISIC_0027780,bkl,bkl
ISIC_0030118,bkl,bkl
ISIC_0028308,bkl,akiec
ISIC_0024505,bkl,bkl
ISIC_0025743,bkl,bkl
ISIC_0027649,bkl,bkl
ISIC_0025485,bkl,bkl
ISIC_0025842,bkl,bkl
ISIC_0025032,bkl,bkl
ISIC_0029522,bkl,nv
ISIC_0028496,bkl,bkl
ISIC_0024412,bkl,bcc
ISIC_0027295,bkl,bkl
ISIC_0025583,bkl,bkl
ISIC_0025297,bkl,bkl
ISIC_0024676,bkl,bkl
ISIC_0032051,bkl,bkl
ISIC_0027996,bkl,bkl
ISIC_0030208,bkl,bkl
ISIC_0028254,bkl,bkl
ISIC_0030561,bkl,bkl
ISIC_0025529,bkl,bkl
ISIC_0026481,bkl,bkl
ISIC_0025928,bkl,bcc
ISIC_0027969,bkl,bkl
ISIC_0031770,bkl,bcc
ISIC_0029557,bkl,bkl
ISIC_0032123,bkl,bkl
ISIC_0026018,bkl,bkl
ISIC_0026477,bkl,nv
ISIC_0029789,bkl,bkl
ISIC_0031851,bkl,mel
ISIC_0030436,bkl,bcc
ISIC_0025659,bkl,akiec
ISIC_0026679,bkl,bkl
ISIC_0027219,bkl,bkl
ISIC_0031449,bkl,akiec
ISIC_0026842,bkl,bkl
ISIC_0026444,bkl,bkl
ISIC_0024422,bkl,akiec
ISIC_0030806,bkl,akiec
ISIC_0028388,bkl,bkl
ISIC_0030636,bkl,bkl
ISIC_0029897,bkl,bkl
ISIC_0025351,bkl,mel
ISIC_0028881,bkl,nv
ISIC_0029580,bkl,bcc
ISIC_0032116,bkl,bkl
ISIC_0027451,bkl,bkl
ISIC_0030329,bkl,bkl
ISIC_0031702,bkl,bkl
ISIC_0026219,bkl,bkl
ISIC_0025627,bkl,bkl
ISIC_0031580,bkl,bkl
ISIC_0028389,bkl,bkl
ISIC_0030758,bkl,bkl
ISIC_0028550,bkl,akiec
ISIC_0024477,bkl,bcc
ISIC_0026493,bkl,bkl
ISIC_0024997,bkl,bkl
ISIC_0030876,bkl,akiec
ISIC_0024982,bkl,akiec
ISIC_0024371,bkl,nv
ISIC_0031808,bkl,bkl
ISIC_0024910,bkl,bkl
ISIC_0026675,bkl,bkl
ISIC_0025374,bkl,bkl
ISIC_0032456,bkl,bkl
ISIC_0026072,bkl,akiec
ISIC_0025939,bkl,bkl
ISIC_0027335,bkl,bkl
ISIC_0026365,bkl,bcc
ISIC_0031138,bkl,bkl
ISIC_0028710,bkl,bkl
ISIC_0027982,bkl,bkl
ISIC_0030318,bkl,bkl
ISIC_0026737,bkl,bkl
ISIC_0028749,bkl,bkl
ISIC_0030988,bkl,bcc
ISIC_0026553,bkl,bkl
ISIC_0024446,bkl,bkl
ISIC_0025083,bkl,bkl
ISIC_0024312,bkl,bkl
ISIC_0024881,bkl,bcc
ISIC_0028628,bkl,bkl
ISIC_0026539,bkl,bcc
ISIC_0029764,bkl,bcc
ISIC_0025623,bkl,bkl
ISIC_0031465,bkl,bkl
ISIC_0031831,bkl,vasc
ISIC_0025799,bkl,bkl
ISIC_0029627,bkl,bkl
ISIC_0028294,bkl,bkl
ISIC_0028662,bkl,bkl
ISIC_0031349,bkl,bkl
ISIC_0026263,bkl,bkl
ISIC_0026280,bkl,bkl
ISIC_0027811,bkl,bkl
ISIC_0029232,bkl,bkl
ISIC_0025470,bkl,bkl
ISIC_0025378,bkl,bkl
ISIC_0030394,bkl,bkl
ISIC_0027162,bkl,bkl
ISIC_0027270,bkl,bkl
ISIC_0031329,bkl,bkl
ISIC_0032111,bkl,bkl
ISIC_0031132,bkl,bkl
ISIC_0030123,bkl,bkl
ISIC_0031945,bkl,bkl
ISIC_0028264,bkl,akiec
ISIC_0025526,bkl,bkl
ISIC_0030998,bkl,bkl
ISIC_0026530,bkl,bkl
ISIC_0024409,bkl,bkl
ISIC_0027202,bkl,bkl
ISIC_0032498,bkl,bkl
ISIC_0027820,bkl,bkl
ISIC_0034315,bkl,bkl
ISIC_0032967,bkl,bkl
ISIC_0032827,bkl,bkl
ISIC_0033022,bkl,bkl
ISIC_0032835,bkl,bkl
ISIC_0033480,bkl,bkl
ISIC_0032773,bkl,mel
ISIC_0033156,bkl,bkl
ISIC_0033784,bkl,bkl
ISIC_0033307,bkl,bkl
ISIC_0033987,bkl,bkl
ISIC_0033553,bkl,bkl
ISIC_0033401,bkl,bkl
ISIC_0033631,bkl,bkl
ISIC_0032113,bkl,bkl
ISIC_0026511,bkl,bkl
ISIC_0027142,bkl,nv
ISIC_0031253,bkl,df
ISIC_0026205,bkl,bkl
ISIC_0031396,bkl,df
ISIC_0024337,bkl,df
ISIC_0029801,bkl,bkl
ISIC_0029793,bkl,df
ISIC_0030959,bkl,bkl
ISIC_0027875,bkl,mel
ISIC_0028587,bkl,bkl
ISIC_0026867,bkl,nv
ISIC_0031226,bkl,bkl
ISIC_0027167,bkl,bkl
ISIC_0027954,bkl,nv
ISIC_0028386,bkl,bkl
ISIC_0025804,bkl,nv
ISIC_0027710,bkl,nv
ISIC_0030056,bkl,bkl
ISIC_0030207,bkl,bkl
ISIC_0028958,bkl,df
ISIC_0025431,bkl,bkl
ISIC_0029036,bkl,bkl
ISIC_0025484,bkl,bkl
ISIC_0026042,bkl,vasc
ISIC_0031002,df,df
ISIC_0025668,df,df
ISIC_0032410,df,bkl
ISIC_0029248,df,df
ISIC_0030442,df,df
ISIC_0028926,df,akiec
ISIC_0030011,df,akiec
ISIC_0030427,df,df
ISIC_0027626,df,bkl
ISIC_0029962,df,df
ISIC_0031457,df,bkl
ISIC_0031372,df,nv
ISIC_0026313,df,bkl
ISIC_0026417,df,df
ISIC_0028735,df,nv
ISIC_0032613,df,df
ISIC_0033256,df,df
ISIC_0026254,df,df
ISIC_0025980,df,nv
ISIC_0028651,df,nv
ISIC_0031257,df,df
ISIC_0026629,df,df
ISIC_0029973,df,df
ISIC_0027598,df,df
ISIC_0029177,df,vasc
ISIC_0024693,nv,df
ISIC_0025964,mel,vasc
ISIC_0030623,mel,mel
ISIC_0031177,mel,mel
ISIC_0026120,mel,mel
ISIC_0028412,mel,mel
ISIC_0026531,mel,bkl
ISIC_0032396,mel,bkl
ISIC_0028445,mel,mel
ISIC_0027076,mel,nv
ISIC_0026115,mel,bkl
ISIC_0026281,mel,bkl
ISIC_0025277,mel,bkl
ISIC_0030060,mel,mel
ISIC_0030211,mel,mel
ISIC_0029913,mel,nv
ISIC_0026909,mel,mel
ISIC_0032308,mel,mel
ISIC_0025155,mel,bkl
ISIC_0031557,mel,mel
ISIC_0024792,mel,mel
ISIC_0030898,mel,bkl
ISIC_0032244,mel,bkl
ISIC_0028901,mel,nv
ISIC_0032098,mel,bcc
ISIC_0025603,mel,mel
ISIC_0024624,mel,bkl
ISIC_0026360,mel,mel
ISIC_0025996,mel,mel
ISIC_0024951,mel,df
ISIC_0030106,mel,bkl
ISIC_0031972,mel,bkl
ISIC_0030539,mel,bkl
ISIC_0029370,mel,mel
ISIC_0031958,mel,mel
ISIC_0026369,mel,mel
ISIC_0030521,mel,nv
ISIC_0031545,mel,mel
ISIC_0028219,mel,nv
ISIC_0026314,mel,bcc
ISIC_0024875,mel,bcc
ISIC_0026950,mel,bkl
ISIC_0029242,mel,mel
ISIC_0027263,mel,mel
ISIC_0028878,mel,bkl
ISIC_0024400,mel,bkl
ISIC_0032182,mel,vasc
ISIC_0029660,mel,mel
ISIC_0024496,mel,mel
ISIC_0028415,mel,mel
ISIC_0028041,mel,bkl
ISIC_0029513,mel,bkl
ISIC_0024853,mel,akiec
ISIC_0028029,mel,bkl
ISIC_0031310,mel,mel
ISIC_0033333,mel,mel
ISIC_0033717,mel,mel
ISIC_0034120,mel,nv
ISIC_0028746,mel,bkl
ISIC_0033152,mel,bkl
ISIC_0033636,mel,bkl
ISIC_0033034,mel,mel
ISIC_0034294,mel,mel
ISIC_0034202,mel,mel
ISIC_0033947,mel,bkl
ISIC_0033881,mel,bkl
ISIC_0033820,mel,bkl
ISIC_0033814,mel,bkl
ISIC_0033804,mel,nv
ISIC_0033801,mel,mel
ISIC_0033216,mel,mel
ISIC_0034222,mel,nv
ISIC_0032569,mel,mel
ISIC_0034064,mel,bkl
ISIC_0032602,mel,mel
ISIC_0032724,mel,mel
ISIC_0033129,mel,mel
ISIC_0033180,mel,nv
ISIC_0033962,mel,nv
ISIC_0033603,mel,df
ISIC_0034262,mel,bkl
ISIC_0033103,mel,mel
ISIC_0034106,mel,mel
ISIC_0029632,mel,akiec
ISIC_0033337,mel,bkl
ISIC_0033594,mel,bkl
ISIC_0026976,mel,mel
ISIC_0033275,mel,bkl
ISIC_0033938,mel,bkl
ISIC_0032841,mel,mel
ISIC_0033819,mel,mel
ISIC_0032544,mel,mel
ISIC_0032844,mel,mel
ISIC_0032511,mel,mel
ISIC_0032603,mel,nv
ISIC_0033871,mel,nv
ISIC_0032955,mel,mel
ISIC_0028460,mel,mel
ISIC_0033470,mel,mel
ISIC_0034094,mel,mel
ISIC_0033560,mel,mel
ISIC_0034061,mel,mel
ISIC_0032716,mel,mel
ISIC_0034159,mel,mel
ISIC_0034048,mel,mel
ISIC_0033905,mel,mel
ISIC_0033981,mel,mel
ISIC_0033569,mel,mel
ISIC_0032535,mel,bkl
ISIC_0032684,mel,mel
ISIC_0034052,mel,mel
ISIC_0033171,mel,mel
ISIC_0033754,mel,mel
ISIC_0032938,mel,mel
ISIC_0033546,mel,mel
ISIC_0032869,mel,akiec
ISIC_0033524,mel,bkl
ISIC_0032531,mel,mel
ISIC_0032970,mel,mel
ISIC_0032845,mel,nv
ISIC_0032968,mel,bkl
ISIC_0029265,mel,mel
ISIC_0033813,mel,nv
ISIC_0033812,mel,bkl
ISIC_0033653,mel,mel
ISIC_0033029,mel,nv
ISIC_0028582,mel,nv
ISIC_0033670,mel,mel
ISIC_0029740,mel,mel
ISIC_0033593,mel,mel
ISIC_0032630,mel,mel
ISIC_0033399,mel,mel
ISIC_0032656,mel,vasc
ISIC_0032592,mel,vasc
ISIC_0033878,mel,bkl
ISIC_0033559,mel,bkl
ISIC_0032922,mel,mel
ISIC_0033498,mel,mel
ISIC_0031784,mel,mel
ISIC_0028225,mel,bkl
ISIC_0034317,mel,nv
ISIC_0033662,mel,nv
ISIC_0033122,mel,bkl
ISIC_0033713,mel,mel
ISIC_0033089,mel,bkl
ISIC_0033562,mel,akiec
ISIC_0032872,mel,mel
ISIC_0033178,mel,mel
ISIC_0033999,mel,mel
ISIC_0033856,mel,mel
ISIC_0024929,mel,mel
ISIC_0027069,mel,bkl
ISIC_0024459,mel,bkl
ISIC_0024806,mel,bkl
ISIC_0029914,mel,mel
ISIC_0024449,mel,mel
ISIC_0025313,mel,nv
ISIC_0024701,mel,mel
ISIC_0030390,mel,mel
ISIC_0030970,mel,mel
ISIC_0029397,mel,nv
ISIC_0028965,mel,mel
ISIC_0027407,mel,bkl
ISIC_0029859,mel,nv
ISIC_0026506,mel,vasc
ISIC_0027302,mel,mel
ISIC_0030107,mel,mel
ISIC_0028537,mel,akiec
ISIC_0027171,mel,mel
ISIC_0026207,mel,mel
ISIC_0025651,mel,akiec
ISIC_0028718,mel,mel
ISIC_0024546,mel,mel
ISIC_0030382,mel,mel
ISIC_0026009,mel,mel
ISIC_0030689,mel,bkl
ISIC_0032425,mel,bkl
ISIC_0024351,mel,nv
ISIC_0030110,mel,mel
ISIC_0031494,mel,mel
ISIC_0028306,mel,akiec
ISIC_0027702,mel,mel
ISIC_0029319,mel,mel
ISIC_0032219,mel,mel
ISIC_0026811,mel,mel
ISIC_0030747,mel,nv
ISIC_0029157,mel,mel
ISIC_0024952,mel,mel
ISIC_0027420,mel,mel
ISIC_0025391,mel,mel
ISIC_0026847,mel,mel
ISIC_0026229,mel,bkl
ISIC_0029958,mel,bkl
ISIC_0030950,mel,mel
ISIC_0029885,mel,akiec
ISIC_0031417,mel,nv
ISIC_0028103,mel,bkl
ISIC_0024554,mel,akiec
ISIC_0026690,mel,bkl
ISIC_0030255,mel,nv
ISIC_0029495,mel,nv
ISIC_0026870,mel,bkl
ISIC_0026131,mel,mel
ISIC_0025663,mel,mel
ISIC_0031931,mel,bkl
ISIC_0030083,mel,bkl
ISIC_0030002,mel,bkl
ISIC_0028033,mel,mel
ISIC_0032204,mel,bkl
ISIC_0032095,mel,nv
ISIC_0030795,mel,mel
ISIC_0027507,mel,bkl
ISIC_0024932,mel,bkl
ISIC_0029480,mel,bkl
ISIC_0031005,mel,mel
ISIC_0030507,mel,bkl
ISIC_0025128,mel,nv
ISIC_0031498,mel,mel
ISIC_0025550,mel,nv
ISIC_0030925,mel,bkl
ISIC_0031377,mel,bkl
ISIC_0030604,mel,mel
ISIC_0024958,mel,bkl
ISIC_0030951,mel,mel
ISIC_0031087,mel,bkl
ISIC_0027187,mel,mel
ISIC_0030929,mel,bkl
ISIC_0025188,mel,bkl
ISIC_0025611,mel,mel
ISIC_0029486,vasc,df
ISIC_0031901,vasc,bcc
ISIC_0026092,vasc,vasc
ISIC_0024904,vasc,vasc
ISIC_0031759,vasc,vasc
ISIC_0027385,vasc,vasc
ISIC_0030882,vasc,vasc
ISIC_0033031,vasc,vasc
ISIC_0032775,vasc,vasc
ISIC_0033458,vasc,vasc
ISIC_0027159,vasc,vasc
ISIC_0028188,vasc,vasc
ISIC_0026876,vasc,vasc
ISIC_0030606,vasc,vasc
ISIC_0024747,vasc,vasc
ISIC_0031346,vasc,vasc
ISIC_0031719,vasc,nv
ISIC_0030070,vasc,vasc
ISIC_0029439,vasc,vasc
ISIC_0030283,vasc,vasc
ISIC_0031706,vasc,vasc
ISIC_0024475,vasc,vasc
ISIC_0028431,vasc,vasc
ISIC_0026490,vasc,vasc
ISIC_0027888,vasc,vasc
ISIC_0024370,vasc,vasc
ISIC_0029099,vasc,vasc
ISIC_0031276,vasc,vasc
ISIC_0024867,vasc,vasc
ISIC_0024706,vasc,vasc
ISIC_0025680,vasc,vasc
ISIC_0032384,bcc,bcc
ISIC_0027146,bcc,bcc
ISIC_0029193,bcc,bcc
ISIC_0027526,bcc,bkl
ISIC_0024431,bcc,bkl
ISIC_0026656,bcc,bcc
ISIC_0027135,bcc,bcc
ISIC_0026321,bcc,vasc
ISIC_0025467,bcc,vasc
ISIC_0030893,bcc,vasc
ISIC_0031943,bcc,bcc
ISIC_0027865,bcc,bcc
ISIC_0030335,bcc,bcc
ISIC_0025793,bcc,bcc
ISIC_0030271,bcc,bkl
ISIC_0026643,bcc,bcc
ISIC_0028457,bcc,bcc
ISIC_0030687,bcc,vasc
ISIC_0025584,bcc,vasc
ISIC_0027365,bcc,bkl
ISIC_0026343,bcc,bcc
ISIC_0029341,bcc,bkl
ISIC_0031762,bcc,bcc
ISIC_0028106,bcc,bcc
ISIC_0024504,bcc,bcc
ISIC_0025600,bcc,bcc
ISIC_0026324,bcc,akiec
ISIC_0025700,bcc,bkl
ISIC_0024795,bcc,bcc
ISIC_0027297,bcc,bcc
ISIC_0033720,bcc,bcc
ISIC_0034255,bcc,bcc
ISIC_0032834,bcc,bcc
ISIC_0034058,bcc,bcc
ISIC_0033001,bcc,bcc
ISIC_0032652,bcc,bcc
ISIC_0033551,bcc,bcc
ISIC_0033571,bcc,bkl
ISIC_0033257,bcc,bcc
ISIC_0034276,bcc,nv
ISIC_0034119,bcc,mel
ISIC_0033483,bcc,bkl
ISIC_0032536,bcc,vasc
ISIC_0033609,bcc,vasc
ISIC_0032777,bcc,vasc
ISIC_0033019,bcc,vasc
ISIC_0032611,bcc,bcc
ISIC_0033499,bcc,bcc
ISIC_0033372,bcc,bcc
ISIC_0034066,bcc,bcc
ISIC_0034123,bcc,bcc
ISIC_0034026,bcc,vasc
ISIC_0032741,bcc,bkl
ISIC_0033301,bcc,bkl
ISIC_0028871,bcc,bcc
ISIC_0027090,bcc,bcc
ISIC_0031539,bcc,bcc
ISIC_0028059,bcc,bcc
ISIC_0025576,bcc,bcc
ISIC_0031351,bcc,bcc
ISIC_0029278,bcc,akiec
ISIC_0024632,bcc,bcc
ISIC_0026668,bcc,bcc
ISIC_0030644,bcc,bcc
ISIC_0028486,bcc,bcc
ISIC_0027371,bcc,bcc
ISIC_0026716,bcc,bcc
ISIC_0025971,bcc,bcc
ISIC_0030737,bcc,akiec
ISIC_0026952,bcc,bcc
ISIC_0025299,bcc,bcc
ISIC_0028739,bcc,bcc
ISIC_0030403,bcc,bcc
ISIC_0024595,bcc,bcc
ISIC_0024634,bcc,bcc
ISIC_0026074,bcc,bcc
ISIC_0026798,bcc,nv
ISIC_0027189,bcc,bcc
ISIC_0025266,bcc,bcc
ISIC_0026978,bcc,bcc
ISIC_0026845,bcc,vasc
ISIC_0025826,bcc,df
ISIC_0028973,bcc,bcc
ISIC_0029082,bcc,bcc
ISIC_0025601,bcc,bcc
ISIC_0032461,bcc,bcc
ISIC_0027473,bcc,bcc
ISIC_0025362,bcc,bkl
ISIC_0027093,bcc,bcc
ISIC_0028329,bcc,bcc
ISIC_0024743,bcc,bcc
ISIC_0031925,bcc,bcc
ISIC_0032246,bcc,bcc
ISIC_0026865,bcc,bcc
ISIC_0031057,bcc,bcc
ISIC_0027337,bcc,bkl
ISIC_0031056,bcc,bcc
ISIC_0028084,bcc,bcc
ISIC_0026970,bcc,bcc
ISIC_0029337,bcc,bcc
ISIC_0028197,bcc,akiec
ISIC_0029831,bcc,akiec
ISIC_0030514,bcc,akiec
ISIC_0024345,bcc,bkl
ISIC_0028928,bcc,bkl
ISIC_0031378,bcc,df
ISIC_0030915,bcc,bcc
ISIC_0029602,bcc,bcc
ISIC_0030094,bcc,vasc
ISIC_0025818,bcc,vasc
ISIC_0030746,bcc,vasc
ISIC_0028964,bcc,bcc
ISIC_0028122,bcc,vasc
ISIC_0027595,bcc,bcc
ISIC_0029917,bcc,bcc
ISIC_0027675,bcc,vasc
ISIC_0024984,bcc,bcc
ISIC_0029857,bcc,bcc
ISIC_0028653,bcc,bkl
ISIC_0031263,bcc,bcc
ISIC_0032164,bcc,bcc
ISIC_0025564,bcc,bcc
ISIC_0030767,bcc,bkl
ISIC_0032061,bcc,bcc
ISIC_0025260,bcc,bkl
ISIC_0031531,bcc,bkl
ISIC_0032115,nv,nv
ISIC_0025251,nv,nv
ISIC_0032285,nv,nv
ISIC_0026211,nv,nv
ISIC_0024828,nv,nv
ISIC_0031403,nv,nv
ISIC_0026011,nv,nv
ISIC_0030993,nv,nv
ISIC_0026768,nv,nv
ISIC_0024376,nv,nv
ISIC_0031895,nv,nv
ISIC_0024872,nv,nv
ISIC_0031845,nv,nv
ISIC_0028090,nv,nv
ISIC_0032016,nv,nv
ISIC_0031671,nv,nv
ISIC_0030918,nv,nv
ISIC_0031652,nv,nv
ISIC_0030846,nv,nv
ISIC_0028289,nv,nv
ISIC_0030338,nv,nv
ISIC_0031966,nv,nv
ISIC_0029273,nv,nv
ISIC_0027854,nv,nv
ISIC_0030617,nv,nv
ISIC_0025364,nv,nv
ISIC_0026234,nv,nv
ISIC_0024365,nv,nv
ISIC_0029966,nv,nv
ISIC_0024945,nv,nv
ISIC_0031106,nv,nv
ISIC_0024407,nv,nv
ISIC_0032434,nv,df
ISIC_0025365,nv,nv
ISIC_0028395,nv,df
ISIC_0032153,nv,nv
ISIC_0025201,nv,nv
ISIC_0029523,nv,nv
ISIC_0027195,nv,nv
ISIC_0026399,nv,nv
ISIC_0028034,nv,nv
ISIC_0029336,nv,nv
ISIC_0031653,nv,nv
ISIC_0026169,nv,nv
ISIC_0031099,nv,nv
ISIC_0026435,nv,nv
ISIC_0026476,nv,nv
ISIC_0029561,nv,nv
ISIC_0028848,nv,nv
ISIC_0028862,nv,nv
ISIC_0030550,nv,nv
ISIC_0031701,nv,nv
ISIC_0028594,nv,nv
ISIC_0024369,nv,nv
ISIC_0025966,nv,vasc
ISIC_0025922,nv,nv
ISIC_0032254,nv,nv
ISIC_0025994,nv,nv
ISIC_0025205,nv,nv
ISIC_0031730,nv,akiec
ISIC_0030469,nv,vasc
ISIC_0026232,nv,nv
ISIC_0024593,nv,nv
ISIC_0029184,nv,nv
ISIC_0030308,nv,nv
ISIC_0025221,nv,nv
ISIC_0027124,nv,nv
ISIC_0030729,nv,nv
ISIC_0025794,nv,nv
ISIC_0027691,nv,nv
ISIC_0024473,nv,nv
ISIC_0032442,nv,nv
ISIC_0026778,nv,nv
ISIC_0028812,nv,nv
ISIC_0031606,nv,nv
ISIC_0031174,nv,nv
ISIC_0029822,nv,nv
ISIC_0028864,nv,nv
ISIC_0028694,nv,nv
ISIC_0026185,nv,nv
ISIC_0026137,nv,nv
ISIC_0026891,nv,nv
ISIC_0025615,nv,nv
ISIC_0031690,nv,nv
ISIC_0026936,nv,nv
ISIC_0026075,nv,nv
ISIC_0030904,nv,nv
ISIC_0024868,nv,nv
ISIC_0026175,nv,nv
ISIC_0029604,nv,nv
ISIC_0032426,nv,nv
ISIC_0031571,nv,nv
ISIC_0024348,nv,nv
ISIC_0027919,nv,nv
ISIC_0025175,nv,nv
ISIC_0025274,nv,bkl
ISIC_0030120,nv,nv
ISIC_0026256,nv,nv
ISIC_0025192,nv,nv
ISIC_0030289,nv,nv
ISIC_0028242,nv,nv
ISIC_0030566,nv,nv
ISIC_0028466,nv,nv
ISIC_0024985,nv,nv
ISIC_0026136,nv,nv
ISIC_0029703,nv,nv
ISIC_0031699,nv,nv
ISIC_0031213,nv,nv
ISIC_0032337,nv,vasc
ISIC_0032231,nv,nv
ISIC_0025910,nv,nv
ISIC_0025833,nv,nv
ISIC_0031392,nv,nv
ISIC_0026960,nv,nv
ISIC_0026817,nv,nv
ISIC_0029274,nv,nv
ISIC_0026949,nv,nv
ISIC_0028428,nv,nv
ISIC_0026225,nv,nv
ISIC_0024309,nv,nv
ISIC_0031469,nv,nv
ISIC_0024556,nv,nv
ISIC_0032066,nv,nv
ISIC_0024649,nv,nv
ISIC_0031051,nv,nv
ISIC_0029305,nv,nv
ISIC_0027485,nv,nv
ISIC_0027227,nv,nv
ISIC_0030569,nv,nv
ISIC_0024374,nv,nv
ISIC_0028184,nv,nv
ISIC_0026862,nv,nv
ISIC_0032419,nv,nv
ISIC_0030943,nv,nv
ISIC_0031685,nv,nv
ISIC_0026114,nv,nv
ISIC_0026087,nv,nv
ISIC_0031647,nv,nv
ISIC_0026994,nv,nv
ISIC_0028789,nv,nv
ISIC_0025678,nv,nv
ISIC_0031256,nv,nv
ISIC_0028062,nv,nv
ISIC_0028939,nv,nv
ISIC_0026980,nv,nv
ISIC_0031364,nv,nv
ISIC_0026910,nv,nv
ISIC_0031963,nv,nv
ISIC_0031625,nv,nv
ISIC_0027566,nv,nv
ISIC_0030743,nv,nv
ISIC_0030306,nv,nv
ISIC_0025028,nv,nv
ISIC_0030911,nv,nv
ISIC_0027621,nv,nv
ISIC_0025406,nv,nv
ISIC_0026415,nv,nv
ISIC_0025738,nv,nv
ISIC_0026201,nv,nv
ISIC_0026470,nv,nv
ISIC_0028377,nv,nv
ISIC_0029085,nv,nv
ISIC_0027111,nv,nv
ISIC_0030193,nv,nv
ISIC_0028712,nv,nv
ISIC_0027384,nv,nv
ISIC_0027215,nv,nv
ISIC_0026241,nv,nv
ISIC_0026731,nv,nv
ISIC_0024555,nv,nv
ISIC_0030660,nv,nv
ISIC_0031176,nv,nv
ISIC_0024765,nv,nv
ISIC_0027019,nv,nv
ISIC_0029388,nv,nv
ISIC_0027871,nv,nv
ISIC_0030337,nv,nv
ISIC_0028554,nv,nv
ISIC_0024661,nv,nv
ISIC_0024510,nv,nv
ISIC_0029367,nv,nv
ISIC_0024641,nv,nv
ISIC_0026529,nv,nv
ISIC_0027610,nv,nv
ISIC_0024816,nv,nv
ISIC_0029436,nv,nv
ISIC_0026929,nv,nv
ISIC_0025929,nv,nv
ISIC_0032108,nv,nv
ISIC_0024563,nv,nv
ISIC_0026355,nv,nv
ISIC_0026928,nv,nv
ISIC_0029940,nv,nv
ISIC_0028786,nv,nv
ISIC_0025527,nv,nv
ISIC_0027110,nv,nv
ISIC_0025493,nv,nv
ISIC_0030556,nv,nv
ISIC_0030141,nv,nv
ISIC_0025087,nv,nv
ISIC_0030413,nv,nv
ISIC_0030545,nv,nv
ISIC_0026570,nv,nv
ISIC_0030921,nv,nv
ISIC_0030657,nv,nv
ISIC_0026220,nv,nv
ISIC_0029772,nv,nv
ISIC_0025164,nv,nv
ISIC_0031434,nv,nv
ISIC_0028083,nv,nv
ISIC_0029688,nv,nv
ISIC_0031320,nv,nv
ISIC_0032505,nv,nv
ISIC_0032080,nv,nv
ISIC_0025894,nv,nv
ISIC_0030692,nv,nv
ISIC_0026572,nv,nv
ISIC_0031675,nv,nv
ISIC_0028133,nv,nv
ISIC_0029128,nv,nv
ISIC_0029711,nv,nv
ISIC_0026064,nv,nv
ISIC_0030291,nv,nv
ISIC_0024974,nv,nv
ISIC_0030505,nv,nv
ISIC_0027936,nv,nv
ISIC_0025119,nv,nv
ISIC_0025580,nv,nv
ISIC_0030578,nv,nv
ISIC_0025965,nv,nv
ISIC_0028552,nv,nv
ISIC_0024965,nv,nv
ISIC_0027695,nv,nv
ISIC_0028934,nv,nv
ISIC_0025854,nv,nv
ISIC_0030468,nv,nv
ISIC_0030037,nv,nv
ISIC_0025549,nv,nv
ISIC_0028427,nv,nv
ISIC_0025925,nv,nv
ISIC_0027214,nv,nv
ISIC_0031116,nv,nv
ISIC_0030357,nv,nv
ISIC_0030513,nv,nv
ISIC_0026678,nv,nv
ISIC_0025183,nv,nv
ISIC_0027353,nv,nv
ISIC_0030154,nv,nv
ISIC_0029125,nv,nv
ISIC_0028772,nv,nv
ISIC_0027857,nv,nv
ISIC_0029906,nv,nv
ISIC_0031275,nv,nv
ISIC_0031964,nv,nv
ISIC_0030131,nv,nv
ISIC_0025147,nv,nv
ISIC_0030166,nv,nv
ISIC_0024456,nv,nv
ISIC_0027217,nv,nv
ISIC_0025272,nv,nv
ISIC_0024685,nv,nv
ISIC_0024306,nv,nv
ISIC_0027232,nv,df
ISIC_0029267,nv,nv
ISIC_0030613,nv,nv
ISIC_0026505,nv,nv
ISIC_0027378,nv,nv
ISIC_0029714,nv,vasc
ISIC_0027474,nv,df
ISIC_0028345,nv,nv
ISIC_0028853,nv,nv
ISIC_0025430,nv,vasc
ISIC_0026977,nv,nv
ISIC_0030718,nv,nv
ISIC_0025060,nv,nv
ISIC_0029510,nv,nv
ISIC_0030947,nv,nv
ISIC_0025125,nv,df
ISIC_0028927,nv,nv
ISIC_0029006,nv,nv
ISIC_0025561,nv,nv
ISIC_0029106,nv,nv
ISIC_0031423,nv,nv
ISIC_0029050,nv,nv
ISIC_0024427,nv,nv
ISIC_0027116,nv,nv
ISIC_0025884,nv,nv
ISIC_0032479,nv,nv
ISIC_0027032,nv,nv
ISIC_0030867,nv,nv
ISIC_0028595,nv,nv
ISIC_0026413,nv,nv
ISIC_0026377,nv,nv
ISIC_0026597,nv,nv
ISIC_0024311,nv,nv
ISIC_0029074,nv,nv
ISIC_0029084,nv,nv
ISIC_0030221,nv,nv
ISIC_0024874,nv,nv
ISIC_0029956,nv,nv
ISIC_0026975,nv,nv
ISIC_0026564,nv,nv
ISIC_0029684,nv,nv
ISIC_0030769,nv,nv
ISIC_0024780,nv,nv
ISIC_0026299,nv,nv
ISIC_0026762,nv,df
ISIC_0024342,nv,nv
ISIC_0030495,nv,nv
ISIC_0029758,nv,nv
ISIC_0026550,nv,nv
ISIC_0031244,nv,nv
ISIC_0025768,nv,nv
ISIC_0031467,nv,nv
ISIC_0032196,nv,nv
ISIC_0026143,nv,nv
ISIC_0032213,nv,nv
ISIC_0029483,nv,nv
ISIC_0030368,nv,nv
ISIC_0027349,nv,nv
ISIC_0029383,nv,nv
ISIC_0031793,nv,nv
ISIC_0027366,nv,nv
ISIC_0029503,nv,nv
ISIC_0025071,nv,nv
ISIC_0024388,nv,nv
ISIC_0024866,nv,nv
ISIC_0029858,nv,nv
ISIC_0028839,nv,nv
ISIC_0031747,nv,nv
ISIC_0032377,nv,nv
ISIC_0027686,nv,bcc
ISIC_0031723,nv,nv
ISIC_0025521,nv,nv
ISIC_0025408,nv,nv
ISIC_0026312,nv,nv
ISIC_0027081,nv,nv
ISIC_0024713,nv,nv
ISIC_0031928,nv,nv
ISIC_0028340,nv,nv
ISIC_0029073,nv,nv
ISIC_0030256,nv,nv
ISIC_0026155,nv,nv
ISIC_0025058,nv,nv
ISIC_0024616,nv,nv
ISIC_0031135,nv,nv
ISIC_0027274,nv,nv
ISIC_0031110,nv,nv
ISIC_0025067,nv,nv
ISIC_0026127,nv,nv
ISIC_0028855,nv,nv
ISIC_0029710,nv,nv
ISIC_0031855,nv,nv
ISIC_0028036,nv,nv
ISIC_0030494,nv,nv
ISIC_0030987,nv,nv
ISIC_0030359,nv,nv
ISIC_0024460,nv,nv
ISIC_0029868,nv,nv
ISIC_0026771,nv,nv
ISIC_0029626,nv,nv
ISIC_0029478,nv,nv
ISIC_0032386,nv,nv
ISIC_0032264,nv,nv
ISIC_0028278,nv,nv
ISIC_0026066,nv,nv
ISIC_0024645,nv,nv
ISIC_0031608,nv,nv
ISIC_0026331,nv,nv
ISIC_0024689,nv,nv
ISIC_0028382,nv,nv
ISIC_0028691,nv,nv
ISIC_0026082,nv,nv
ISIC_0029379,nv,nv
ISIC_0032032,nv,nv
ISIC_0030467,nv,nv
ISIC_0030228,nv,nv
ISIC_0029433,nv,nv
ISIC_0025114,nv,nv
ISIC_0029922,nv,nv
ISIC_0025721,nv,nv
ISIC_0029042,nv,nv
ISIC_0028000,nv,nv
ISIC_0028506,nv,nv
ISIC_0027993,nv,nv
ISIC_0032473,nv,nv
ISIC_0026667,nv,nv
ISIC_0026639,nv,nv
ISIC_0027804,nv,nv
ISIC_0031419,nv,nv
ISIC_0028996,nv,nv
ISIC_0028405,nv,nv
ISIC_0032160,nv,nv
ISIC_0032178,nv,nv
ISIC_0025845,nv,nv
ISIC_0029681,nv,nv
ISIC_0028485,nv,nv
ISIC_0024785,nv,nv
ISIC_0027705,nv,nv
ISIC_0026187,nv,nv
ISIC_0029754,nv,nv
ISIC_0028416,nv,nv
ISIC_0029428,nv,nv
ISIC_0029158,nv,nv
ISIC_0026204,nv,nv
ISIC_0025495,nv,nv
ISIC_0025423,nv,nv
ISIC_0030939,nv,nv
ISIC_0024847,nv,nv
ISIC_0030212,nv,nv
ISIC_0026088,nv,vasc
ISIC_0028013,nv,nv
ISIC_0024622,nv,nv
ISIC_0029131,nv,nv
ISIC_0031210,nv,nv
ISIC_0025886,nv,nv
ISIC_0030631,nv,nv
ISIC_0024506,nv,nv
ISIC_0026047,nv,nv
ISIC_0031549,nv,nv
ISIC_0026985,nv,nv
ISIC_0025111,nv,akiec
ISIC_0031902,nv,nv
ISIC_0024633,nv,nv
ISIC_0027015,nv,nv
ISIC_0026405,nv,nv
ISIC_0028672,nv,nv
ISIC_0025163,nv,nv
ISIC_0030474,nv,nv
ISIC_0030745,nv,nv
ISIC_0031780,nv,nv
ISIC_0027694,nv,nv
ISIC_0026899,nv,nv
ISIC_0026504,nv,nv
ISIC_0025496,nv,nv
ISIC_0030149,nv,nv
ISIC_0028892,nv,nv
ISIC_0025216,nv,nv
ISIC_0027777,nv,nv
ISIC_0028469,nv,nv
ISIC_0030788,nv,nv
ISIC_0028189,nv,nv
ISIC_0028708,nv,nv
ISIC_0027399,nv,nv
ISIC_0029981,nv,nv
ISIC_0027001,nv,nv
ISIC_0030012,nv,nv
ISIC_0024810,nv,nv
ISIC_0024513,nv,nv
ISIC_0029284,nv,nv
ISIC_0027586,nv,nv
ISIC_0026183,nv,nv
ISIC_0031180,nv,nv
ISIC_0031124,nv,nv
ISIC_0025282,nv,nv
ISIC_0029275,nv,nv
ISIC_0024530,nv,nv
ISIC_0026483,nv,nv
ISIC_0027880,nv,nv
ISIC_0028697,nv,nv
ISIC_0030216,nv,nv
ISIC_0030648,nv,nv
ISIC_0026332,nv,nv
ISIC_0025435,nv,nv
ISIC_0029765,nv,nv
ISIC_0025010,nv,nv
ISIC_0031788,nv,nv
ISIC_0031342,nv,df
ISIC_0028333,nv,df
ISIC_0027792,nv,nv
ISIC_0026534,nv,nv
ISIC_0029901,nv,nv
ISIC_0025686,nv,nv
ISIC_0026379,nv,nv
ISIC_0032431,nv,nv
ISIC_0029173,nv,nv
ISIC_0024417,nv,nv
ISIC_0030516,nv,nv
ISIC_0025646,nv,nv
ISIC_0029165,nv,nv
ISIC_0030185,nv,nv
ISIC_0029787,nv,nv
ISIC_0025933,nv,nv
ISIC_0032208,nv,nv
ISIC_0031717,nv,nv
ISIC_0025772,nv,nv
ISIC_0026579,nv,nv
ISIC_0029477,nv,nv
ISIC_0030637,nv,nv
ISIC_0025999,nv,nv
ISIC_0031098,nv,nv
ISIC_0026462,nv,nv
ISIC_0031246,nv,nv
ISIC_0026881,nv,nv
ISIC_0031818,nv,nv
ISIC_0030098,nv,nv
ISIC_0031283,nv,nv
ISIC_0025715,nv,nv
ISIC_0025464,nv,nv
ISIC_0024651,nv,nv
ISIC_0031265,nv,nv
ISIC_0030500,nv,nv
ISIC_0025595,nv,nv
ISIC_0027070,nv,nv
ISIC_0030234,nv,nv
ISIC_0025460,nv,nv
ISIC_0028564,nv,nv
ISIC_0029942,nv,nv
ISIC_0030680,nv,nv
ISIC_0027787,nv,nv
ISIC_0026793,nv,nv
ISIC_0025841,nv,nv
ISIC_0025797,nv,nv
ISIC_0027891,nv,nv
ISIC_0032369,nv,nv
ISIC_0024811,nv,nv
ISIC_0030052,nv,nv
ISIC_0031328,nv,nv
ISIC_0027818,nv,nv
ISIC_0026238,nv,nv
ISIC_0030749,nv,nv
ISIC_0032037,nv,nv
ISIC_0028663,nv,nv
ISIC_0026587,nv,nv
ISIC_0025688,nv,nv
ISIC_0031509,nv,nv
ISIC_0025405,nv,nv
ISIC_0024819,nv,nv
ISIC_0026640,nv,nv
ISIC_0024533,nv,nv
ISIC_0031768,nv,nv
ISIC_0028144,nv,nv
ISIC_0026181,nv,nv
ISIC_0030558,nv,nv
ISIC_0027551,nv,nv
ISIC_0027128,nv,nv
ISIC_0027583,nv,nv
ISIC_0024638,nv,nv
ISIC_0028641,nv,nv
ISIC_0029407,nv,nv
ISIC_0026521,nv,nv
ISIC_0024373,nv,nv
ISIC_0026801,nv,nv
ISIC_0031137,nv,nv
ISIC_0025995,nv,nv
ISIC_0031232,nv,nv
ISIC_0024444,nv,nv
ISIC_0025602,nv,nv
ISIC_0030559,nv,nv
ISIC_0025977,nv,nv
ISIC_0026880,nv,nv
ISIC_0028838,nv,nv
ISIC_0028028,nv,nv
ISIC_0028038,nv,nv
ISIC_0029445,nv,akiec
ISIC_0030622,nv,nv
ISIC_0029952,nv,nv
ISIC_0030641,nv,nv
ISIC_0031248,nv,nv
ISIC_0030317,nv,nv
ISIC_0031393,nv,nv
ISIC_0029672,nv,nv
ISIC_0029939,nv,nv
ISIC_0024565,nv,nv
ISIC_0025403,nv,nv
ISIC_0028311,nv,nv
ISIC_0028776,nv,nv
ISIC_0025727,nv,nv
ISIC_0030735,nv,nv
ISIC_0026837,nv,nv
ISIC_0031083,nv,nv
ISIC_0026568,nv,nv
ISIC_0030860,nv,nv
ISIC_0027267,nv,nv
ISIC_0027664,nv,nv
ISIC_0030024,nv,nv
ISIC_0028039,nv,nv
ISIC_0032104,nv,nv
ISIC_0028669,nv,nv
ISIC_0025357,nv,nv
ISIC_0026010,nv,nv
ISIC_0027288,nv,nv
ISIC_0029198,nv,nv
ISIC_0024754,nv,nv
ISIC_0030854,nv,nv
ISIC_0029797,nv,nv
ISIC_0025486,nv,nv
ISIC_0024759,nv,nv
ISIC_0030628,nv,nv
ISIC_0027445,nv,nv
ISIC_0027207,nv,nv
ISIC_0025215,nv,nv
ISIC_0026250,nv,nv
ISIC_0025021,nv,nv
ISIC_0029229,nv,nv
ISIC_0025212,nv,nv
ISIC_0031760,nv,nv
ISIC_0031740,nv,nv
ISIC_0030590,nv,nv
ISIC_0026353,nv,nv
ISIC_0030548,nv,nv
ISIC_0031910,nv,nv
ISIC_0025393,nv,nv
ISIC_0028475,nv,nv
ISIC_0031790,nv,nv
ISIC_0032491,nv,nv
ISIC_0031835,nv,nv
ISIC_0026363,nv,nv
ISIC_0032383,nv,nv
ISIC_0026799,nv,nv
ISIC_0028959,nv,nv
ISIC_0032001,nv,nv
ISIC_0026059,nv,nv
ISIC_0031432,nv,nv
ISIC_0031183,nv,nv
ISIC_0029096,nv,nv
ISIC_0028286,nv,nv
ISIC_0024478,nv,nv
ISIC_0025138,nv,nv
ISIC_0031484,nv,nv
ISIC_0026797,nv,nv
ISIC_0029065,nv,nv
ISIC_0027520,nv,nv
ISIC_0026408,nv,nv
ISIC_0027842,nv,nv
ISIC_0030889,nv,nv
ISIC_0030496,nv,nv
ISIC_0029164,nv,nv
ISIC_0031084,nv,nv
ISIC_0030430,nv,nv
ISIC_0031944,nv,nv
ISIC_0030670,nv,nv
ISIC_0032089,nv,nv
ISIC_0027314,nv,nv
ISIC_0031576,nv,nv
ISIC_0028300,nv,nv
ISIC_0025901,nv,nv
ISIC_0024419,nv,nv
ISIC_0025741,nv,nv
ISIC_0028149,nv,nv
ISIC_0030503,nv,nv
ISIC_0028435,nv,nv
ISIC_0032142,nv,nv
ISIC_0032465,nv,nv
ISIC_0026121,nv,nv
ISIC_0025418,nv,nv
ISIC_0028845,nv,nv
ISIC_0031869,nv,nv
ISIC_0025380,nv,nv
ISIC_0030996,nv,nv
ISIC_0026315,nv,nv
ISIC_0029066,nv,nv
ISIC_0025025,nv,nv
ISIC_0028327,nv,nv
ISIC_0030952,nv,nv
ISIC_0030600,nv,nv
ISIC_0027844,nv,nv
ISIC_0029670,nv,nv
ISIC_0030497,nv,nv
ISIC_0024655,nv,nv
ISIC_0026684,nv,nv
ISIC_0028061,nv,nv
ISIC_0029739,nv,nv
ISIC_0027946,nv,nv
ISIC_0032119,nv,nv
ISIC_0027493,nv,nv
ISIC_0031147,nv,nv
ISIC_0032392,nv,nv
ISIC_0029509,nv,nv
ISIC_0029799,nv,nv
ISIC_0030728,nv,nv
ISIC_0027779,nv,nv
ISIC_0032161,nv,nv
ISIC_0024650,nv,nv
ISIC_0025139,nv,nv
ISIC_0030985,nv,nv
ISIC_0027630,nv,nv
ISIC_0032301,nv,nv
ISIC_0027169,nv,nv
ISIC_0024988,nv,nv
ISIC_0027223,nv,nv
ISIC_0026061,nv,nv
ISIC_0026517,nv,nv
ISIC_0026110,nv,nv
ISIC_0028910,nv,nv
ISIC_0026582,nv,nv
ISIC_0027782,nv,nv
ISIC_0025034,nv,nv
ISIC_0025092,nv,nv
ISIC_0028566,nv,nv
ISIC_0024717,nv,nv
ISIC_0028904,nv,nv
ISIC_0031409,nv,nv
ISIC_0032217,nv,nv
ISIC_0027186,nv,nv
ISIC_0032267,nv,nv
ISIC_0029214,nv,df
ISIC_0027112,nv,bkl
ISIC_0029534,nv,vasc
ISIC_0030640,nv,bkl
ISIC_0026367,nv,bkl
ISIC_0024594,nv,nv
ISIC_0029845,nv,nv
ISIC_0028576,nv,mel
ISIC_0029790,nv,nv
ISIC_0032428,nv,mel
ISIC_0032342,nv,bkl
ISIC_0027264,nv,nv
ISIC_0028413,nv,bcc
ISIC_0027198,nv,nv
ISIC_0025779,nv,nv
ISIC_0027848,nv,bkl
ISIC_0028971,nv,nv
ISIC_0032985,mel,mel
ISIC_0024798,nv,nv
ISIC_0025152,nv,nv
ISIC_0026666,nv,bkl
ISIC_0026552,nv,mel
ISIC_0029985,nv,vasc
ISIC_0024891,nv,bkl
ISIC_0028461,nv,nv
ISIC_0031474,nv,df
ISIC_0032158,nv,bkl
ISIC_0031678,nv,bkl
ISIC_0027987,nv,nv
ISIC_0032257,nv,nv
ISIC_0024314,nv,bkl
ISIC_0026722,nv,vasc
ISIC_0030426,nv,bkl
ISIC_0027734,nv,bkl
ISIC_0030786,nv,df
ISIC_0027662,nv,vasc
ISIC_0027427,nv,bcc
ISIC_0026389,nv,bcc
ISIC_0028401,nv,nv
ISIC_0030371,nv,nv
ISIC_0024824,nv,bkl
ISIC_0030666,nv,bkl
ISIC_0031646,nv,bkl
ISIC_0031385,nv,bkl
ISIC_0029475,nv,mel
ISIC_0029894,nv,mel
ISIC_0024378,nv,vasc
ISIC_0029409,nv,mel
ISIC_0032364,nv,bkl
ISIC_0028373,nv,mel
ISIC_0024714,nv,bkl
ISIC_0024855,nv,nv
ISIC_0026497,nv,mel
ISIC_0028851,nv,nv
ISIC_0029488,nv,bkl
ISIC_0027099,nv,bkl
ISIC_0025458,nv,nv
ISIC_0024664,nv,vasc
ISIC_0028804,nv,bkl
ISIC_0032191,nv,bkl
ISIC_0026777,nv,nv
ISIC_0031268,nv,nv
ISIC_0029402,nv,mel
ISIC_0027571,nv,bkl
ISIC_0028534,nv,mel
ISIC_0030139,nv,bkl
ISIC_0027086,nv,bkl
ISIC_0025689,nv,bkl
ISIC_0028961,nv,nv
ISIC_0031080,nv,nv
ISIC_0028045,nv,nv
ISIC_0026341,nv,nv
ISIC_0027697,nv,nv
ISIC_0025555,nv,nv
ISIC_0032242,nv,nv
ISIC_0024317,nv,mel
ISIC_0028751,nv,nv
ISIC_0027024,nv,nv
ISIC_0033745,nv,vasc
ISIC_0033112,nv,vasc
ISIC_0033380,nv,bkl
ISIC_0030326,nv,mel
ISIC_0026403,nv,mel
ISIC_0029491,nv,mel
ISIC_0026494,nv,df
ISIC_0029728,nv,bcc
ISIC_0026423,nv,bkl
ISIC_0026432,nv,nv
ISIC_0030462,nv,mel
ISIC_0033363,nv,bkl
ISIC_0033058,nv,bkl
ISIC_0032924,nv,bkl
ISIC_0030845,nv,mel
ISIC_0033852,nv,bkl
ISIC_0033775,nv,nv
ISIC_0033561,nv,nv
ISIC_0034079,nv,mel
ISIC_0033327,nv,mel
ISIC_0032871,nv,mel
ISIC_0030851,nv,nv
ISIC_0032739,nv,nv
ISIC_0032874,nv,mel
ISIC_0033959,nv,bkl
ISIC_0032914,nv,nv
ISIC_0033309,nv,mel
ISIC_0034110,nv,nv
ISIC_0025160,nv,vasc
ISIC_0033389,nv,nv
ISIC_0025239,nv,mel
ISIC_0030546,nv,mel
ISIC_0026979,nv,vasc
ISIC_0032664,nv,bkl
ISIC_0033461,nv,nv
ISIC_0031694,nv,nv
ISIC_0025978,nv,bkl
ISIC_0027432,nv,nv
ISIC_0024907,nv,nv
ISIC_0025261,nv,vasc
ISIC_0027654,nv,vasc
ISIC_0027847,nv,bcc
ISIC_0030709,nv,bkl
ISIC_0024730,nv,nv
ISIC_0030765,nv,nv
ISIC_0026502,nv,nv
ISIC_0032082,nv,bkl
ISIC_0024344,nv,bkl
ISIC_0025836,nv,df
ISIC_0026384,nv,nv
ISIC_0028436,nv,nv
ISIC_0029636,nv,mel
ISIC_0027931,nv,bkl
ISIC_0030899,nv,mel
ISIC_0031757,nv,nv
ISIC_0033172,nv,mel
ISIC_0033326,nv,mel
ISIC_0032743,nv,mel
ISIC_0033388,nv,nv
ISIC_0033009,nv,bkl
ISIC_0032928,nv,nv
ISIC_0034281,nv,bcc
ISIC_0034152,nv,bcc
ISIC_0033739,nv,bkl
ISIC_0033633,nv,mel
ISIC_0034199,nv,nv
ISIC_0032998,nv,bkl
ISIC_0033657,nv,bkl
ISIC_0034038,nv,bkl
ISIC_0033070,nv,bkl
ISIC_0034086,nv,mel
ISIC_0032577,nv,mel
ISIC_0032742,nv,bkl
ISIC_0032961,nv,mel
ISIC_0034112,nv,nv
ISIC_0032585,nv,nv
ISIC_0032899,nv,nv
ISIC_0034157,nv,nv
ISIC_0033233,nv,bkl
ISIC_0032770,nv,df
ISIC_0034184,nv,bkl
ISIC_0033385,nv,mel
ISIC_0033471,nv,mel
ISIC_0032831,nv,mel
ISIC_0032780,nv,mel
ISIC_0033849,nv,mel
ISIC_0032861,nv,mel
ISIC_0032568,nv,nv
ISIC_0033126,nv,nv
ISIC_0034099,nv,nv
ISIC_0032885,nv,nv
ISIC_0033291,nv,mel
ISIC_0034102,nv,nv
ISIC_0034105,nv,mel
ISIC_0033138,nv,nv
ISIC_0032728,nv,nv
ISIC_0032864,nv,nv
ISIC_0033763,nv,nv
ISIC_0033650,nv,mel
ISIC_0033510,nv,akiec
ISIC_0033222,nv,mel
ISIC_0032546,nv,bkl
ISIC_0034288,nv,mel
ISIC_0033420,nv,mel
ISIC_0032661,nv,mel
ISIC_0032587,nv,mel
ISIC_0033824,nv,nv
ISIC_0033830,nv,nv
ISIC_0034300,nv,nv
ISIC_0033155,nv,nv
ISIC_0032609,nv,nv
ISIC_0033427,nv,mel
ISIC_0033948,nv,mel
ISIC_0033680,nv,mel
ISIC_0034314,nv,nv
ISIC_0034174,nv,mel
ISIC_0033983,nv,mel
ISIC_0034190,nv,vasc
ISIC_0032705,nv,bkl
ISIC_0034198,nv,vasc
ISIC_0033658,nv,mel
ISIC_0033046,nv,mel
ISIC_0032689,nv,bkl
ISIC_0034088,nv,mel
ISIC_0034268,nv,mel
ISIC_0032908,nv,bkl
ISIC_0032786,nv,nv
ISIC_0033788,nv,mel
ISIC_0033933,nv,mel
ISIC_0033447,nv,nv
ISIC_0033639,nv,mel
ISIC_0032693,nv,mel
ISIC_0032734,nv,mel
ISIC_0032659,nv,mel
ISIC_0032478,nv,nv
ISIC_0032765,nv,bkl
ISIC_0028863,nv,bkl
ISIC_0030126,nv,mel
ISIC_0026279,nv,nv
ISIC_0031814,nv,vasc
ISIC_0033093,nv,mel
ISIC_0033501,nv,bkl
ISIC_0032677,nv,mel
ISIC_0034237,nv,mel
ISIC_0034032,nv,mel
ISIC_0033075,nv,bkl
ISIC_0032574,nv,bkl
ISIC_0033398,nv,bkl
ISIC_0033244,nv,bcc
ISIC_0033181,nv,nv
ISIC_0033661,nv,vasc
ISIC_0034004,nv,vasc
ISIC_0033634,nv,bkl
ISIC_0034226,nv,bkl
ISIC_0033116,nv,bkl
ISIC_0033136,nv,bkl
ISIC_0033215,nv,bkl
ISIC_0033412,nv,nv
ISIC_0033514,nv,nv
ISIC_0033876,nv,nv
ISIC_0032737,nv,nv
ISIC_0033688,nv,nv
ISIC_0033557,nv,df
ISIC_0033768,nv,mel
ISIC_0025257,nv,mel
ISIC_0033742,nv,mel
ISIC_0034127,nv,mel
ISIC_0033111,nv,mel
ISIC_0034244,nv,nv
ISIC_0032855,nv,bkl
ISIC_0032792,nv,nv
ISIC_0033764,nv,bkl
ISIC_0033934,nv,akiec
ISIC_0032565,nv,mel
ISIC_0033512,nv,bcc
ISIC_0032788,nv,bcc
ISIC_0033062,nv,nv
ISIC_0034261,nv,nv
ISIC_0032338,nv,nv
ISIC_0034067,nv,nv
ISIC_0033224,nv,mel
ISIC_0033360,nv,bkl
ISIC_0033703,nv,mel
ISIC_0034245,nv,mel
ISIC_0033435,nv,nv
ISIC_0034016,nv,nv
ISIC_0028591,nv,mel
ISIC_0024524,nv,nv
ISIC_0032663,nv,mel
ISIC_0034272,nv,bkl
ISIC_0032911,nv,df
ISIC_0033026,nv,mel
ISIC_0033774,nv,mel
ISIC_0034191,nv,nv
ISIC_0033719,nv,bcc
ISIC_0033508,nv,mel
ISIC_0032539,nv,bkl
ISIC_0032686,nv,mel
ISIC_0033329,nv,nv
ISIC_0033197,nv,nv
ISIC_0033015,nv,akiec
ISIC_0033928,nv,akiec
ISIC_0032762,nv,nv
ISIC_0032594,nv,mel
ISIC_0033147,nv,nv
ISIC_0033407,nv,mel
ISIC_0033734,nv,nv
ISIC_0033923,nv,nv
ISIC_0033769,nv,nv
ISIC_0032904,nv,nv
ISIC_0030447,nv,mel
ISIC_0027397,nv,bkl
ISIC_0032519,nv,bcc
ISIC_0034090,nv,bcc
ISIC_0034217,nv,nv
ISIC_0032952,nv,nv
ISIC_0033993,nv,nv
ISIC_0032926,nv,mel
ISIC_0033049,nv,mel
ISIC_0033045,nv,nv
ISIC_0034164,nv,mel
ISIC_0030537,nv,mel
ISIC_0029654,nv,nv
ISIC_0026761,nv,bkl
ISIC_0032322,nv,bkl
ISIC_0029775,nv,vasc
ISIC_0030362,nv,nv
ISIC_0031460,nv,nv
ISIC_0025045,nv,nv
ISIC_0030543,nv,nv
ISIC_0028538,nv,bkl
ISIC_0024682,nv,mel
ISIC_0028625,nv,bkl
ISIC_0027348,nv,bkl
ISIC_0030074,nv,nv
ISIC_0027670,nv,mel
ISIC_0027097,nv,mel
ISIC_0028581,nv,mel
ISIC_0028868,nv,nv
ISIC_0032021,nv,bkl
ISIC_0024936,nv,bkl
ISIC_0030116,nv,nv
ISIC_0026270,nv,nv
ISIC_0025096,nv,nv
ISIC_0028544,nv,nv
ISIC_0032347,nv,nv
ISIC_0030840,nv,bkl
ISIC_0032291,nv,nv
ISIC_0030615,nv,bkl
ISIC_0025665,nv,nv
ISIC_0030597,nv,nv
ISIC_0026692,nv,nv
ISIC_0026841,nv,nv
ISIC_0025945,nv,nv
ISIC_0031149,nv,nv
ISIC_0027208,nv,nv
ISIC_0032368,nv,nv
ISIC_0029504,nv,nv
ISIC_0025078,nv,nv
ISIC_0025516,nv,nv
ISIC_0029835,nv,mel
ISIC_0028101,nv,nv
ISIC_0031447,nv,nv
ISIC_0024837,nv,nv
ISIC_0031667,nv,nv
ISIC_0026027,nv,nv
ISIC_0031839,nv,mel
ISIC_0026455,nv,bkl
ISIC_0028265,nv,mel
ISIC_0025020,nv,nv
ISIC_0026106,nv,nv
ISIC_0025545,nv,nv
ISIC_0032003,nv,vasc
ISIC_0030135,nv,nv
ISIC_0030941,nv,nv
ISIC_0024394,nv,nv
ISIC_0029516,nv,mel
ISIC_0030066,nv,bkl
ISIC_0029640,nv,bkl
ISIC_0029724,nv,bkl
ISIC_0027707,nv,bkl
ISIC_0027423,nv,vasc
ISIC_0030057,nv,vasc
ISIC_0028737,nv,vasc
ISIC_0031541,nv,nv
ISIC_0027596,nv,nv
ISIC_0028960,nv,nv
ISIC_0025240,nv,mel
ISIC_0026933,nv,nv
ISIC_0027514,nv,nv
ISIC_0030945,nv,akiec
ISIC_0024721,nv,nv
ISIC_0024518,nv,mel
ISIC_0031559,nv,nv
ISIC_0024406,nv,nv
ISIC_0026888,nv,vasc
ISIC_0031092,nv,nv
ISIC_0028450,nv,mel
ISIC_0028758,nv,bkl
ISIC_0028167,nv,nv
ISIC_0032184,nv,mel
ISIC_0030621,nv,nv
ISIC_0031510,nv,mel
ISIC_0031483,nv,nv
ISIC_0032436,nv,bkl
ISIC_0024996,nv,nv
ISIC_0027978,nv,bcc
ISIC_0032176,nv,bkl
ISIC_0025562,nv,nv
ISIC_0025340,nv,nv
ISIC_0025657,nv,nv
ISIC_0030532,nv,mel
ISIC_0024862,nv,mel
ISIC_0028135,nv,nv
ISIC_0030581,nv,nv
ISIC_0028715,nv,mel
ISIC_0027495,nv,mel
ISIC_0029583,nv,nv
ISIC_0030399,nv,mel
ISIC_0031353,nv,bkl
ISIC_0025198,nv,nv
ISIC_0029693,nv,mel
ISIC_0026599,nv,bcc
ISIC_0031932,nv,bcc
ISIC_0026739,nv,mel
ISIC_0025946,nv,bkl
ISIC_0024899,nv,mel
ISIC_0030816,nv,nv
ISIC_0030796,nv,nv
ISIC_0028408,nv,akiec
ISIC_0026512,nv,mel
ISIC_0026573,nv,mel
ISIC_0027114,nv,mel
ISIC_0025597,nv,nv
ISIC_0025225,nv,nv
ISIC_0026698,nv,mel
ISIC_0029349,nv,nv
ISIC_0032047,nv,nv
ISIC_0029369,nv,nv
ISIC_0028507,nv,nv
ISIC_0029773,nv,nv
ISIC_0026452,nv,nv
ISIC_0027007,nv,nv
ISIC_0030416,nv,bkl
ISIC_0025074,nv,nv
ISIC_0028364,nv,mel
ISIC_0024599,nv,nv
ISIC_0025902,nv,nv
ISIC_0030704,nv,nv
ISIC_0026601,nv,nv
ISIC_0026053,nv,mel
ISIC_0028599,nv,bkl
ISIC_0030535,nv,bkl
ISIC_0028808,nv,df
ISIC_0026513,nv,mel
ISIC_0027540,nv,df
ISIC_0031700,nv,bkl
ISIC_0027073,nv,bkl
ISIC_0029959,nv,nv
ISIC_0028689,nv,nv
ISIC_0029975,nv,nv
ISIC_0031042,nv,nv
ISIC_0030219,nv,mel
ISIC_0031710,nv,mel
ISIC_0028923,nv,mel
ISIC_0025396,nv,mel
ISIC_0031708,nv,mel
ISIC_0027181,nv,nv
ISIC_0026103,nv,mel
ISIC_0030425,nv,bkl
ISIC_0031076,nv,mel
ISIC_0028580,nv,nv
ISIC_0025798,nv,nv
ISIC_0026922,nv,nv
ISIC_0028478,nv,mel
ISIC_0027461,nv,nv
ISIC_0025310,nv,bkl
ISIC_0026752,nv,nv
ISIC_0032936,mel,mel
ISIC_0030732,nv,bkl
ISIC_0025169,nv,mel
ISIC_0033232,mel,mel
ISIC_0031583,nv,bkl
ISIC_0025730,nv,nv
ISIC_0031894,nv,bkl
ISIC_0029855,nv,bkl
ISIC_0028091,nv,mel
ISIC_0028023,nv,bkl
ISIC_0027360,nv,mel
ISIC_0029554,nv,bcc
ISIC_0026096,nv,mel
ISIC_0028139,nv,mel
ISIC_0029026,nv,bkl
ISIC_0028310,nv,bcc
ISIC_0032233,nv,nv
ISIC_0028116,nv,mel
ISIC_0024441,nv,mel
ISIC_0031301,nv,mel
ISIC_0031111,nv,mel
ISIC_0026956,nv,bcc
ISIC_0031806,nv,bcc
ISIC_0030635,nv,nv
ISIC_0031991,nv,bkl
ISIC_0030817,nv,mel
ISIC_0029470,nv,mel
ISIC_0024998,nv,nv
ISIC_0026488,nv,bkl
ISIC_0029221,nv,bkl
ISIC_0027688,nv,bkl
ISIC_0024704,nv,nv
ISIC_0031462,nv,bkl
ISIC_0026179,nv,mel
ISIC_0026217,nv,bkl
ISIC_0029079,nv,nv
ISIC_0025571,nv,nv
ISIC_0032412,nv,mel
ISIC_0031131,nv,bkl
ISIC_0031473,nv,bkl
ISIC_0027351,nv,nv
ISIC_0029119,nv,bkl
ISIC_0026151,nv,nv
ISIC_0032471,nv,akiec
ISIC_0027578,nv,mel
ISIC_0025295,nv,bcc
ISIC_0028571,nv,mel
ISIC_0031573,nv,bkl
ISIC_0025123,nv,bkl
ISIC_0028276,nv,bkl
ISIC_0027379,nv,bkl
ISIC_0027468,nv,bkl
ISIC_0029145,nv,bcc
ISIC_0029441,nv,bcc
ISIC_0028673,nv,nv
ISIC_0027873,nv,bkl
ISIC_0026166,nv,bkl
ISIC_0024876,nv,nv
ISIC_0025763,nv,bkl
ISIC_0031599,nv,nv
ISIC_0028226,nv,vasc
ISIC_0027512,nv,mel
ISIC_0025681,nv,mel
ISIC_0030940,nv,bkl
ISIC_0024519,nv,bkl
ISIC_0026676,nv,mel
ISIC_0029498,nv,nv
ISIC_0026333,nv,nv
ISIC_0026182,nv,nv
ISIC_0025061,nv,nv
ISIC_0028477,nv,nv
ISIC_0024577,nv,nv
ISIC_0026295,nv,nv
ISIC_0030019,nv,nv
ISIC_0027133,nv,nv
ISIC_0028756,nv,nv
ISIC_0030977,nv,bkl
ISIC_0024762,nv,bkl
ISIC_0029794,nv,bkl
ISIC_0027266,nv,bkl
ISIC_0025271,nv,bkl
ISIC_0027867,nv,bkl
ISIC_0026122,nv,nv
ISIC_0026024,nv,nv
ISIC_0029920,nv,vasc
ISIC_0031188,nv,nv
ISIC_0030567,nv,nv
ISIC_0025729,nv,bkl
ISIC_0025865,nv,nv
ISIC_0024935,nv,bkl
ISIC_0027140,nv,mel
ISIC_0031322,nv,nv
ISIC_0032388,nv,bkl
ISIC_0031973,nv,mel
ISIC_0025860,nv,bkl
ISIC_0025473,nv,nv
ISIC_0025670,nv,nv
ISIC_0025898,nv,nv
ISIC_0024540,nv,nv
ISIC_0027948,nv,nv
ISIC_0025062,nv,nv
ISIC_0025253,nv,bkl
ISIC_0027961,nv,bkl
ISIC_0026749,nv,nv
ISIC_0029895,nv,nv
ISIC_0030059,nv,nv
ISIC_0030358,nv,bkl
ISIC_0028632,nv,bkl
ISIC_0034265,nv,bkl
ISIC_0032931,nv,mel
ISIC_0033474,nv,mel
ISIC_0031524,nv,nv
ISIC_0033572,nv,bkl
ISIC_0033596,nv,bkl
ISIC_0033364,nv,bkl
ISIC_0033777,nv,nv
ISIC_0033078,nv,nv
ISIC_0034055,nv,nv
ISIC_0033040,nv,nv
ISIC_0032543,nv,bkl
ISIC_0033176,nv,nv
ISIC_0032868,nv,nv
ISIC_0033543,nv,nv
ISIC_0034185,nv,nv
ISIC_0033898,nv,nv
ISIC_0033173,nv,nv
ISIC_0032647,nv,nv
ISIC_0033622,nv,nv
ISIC_0032655,bkl,bkl
ISIC_0034072,nv,bkl
ISIC_0033341,nv,mel
ISIC_0032635,nv,nv
ISIC_0032562,nv,mel
ISIC_0033772,nv,mel
ISIC_0033383,nv,nv
ISIC_0033072,nv,nv
ISIC_0032956,nv,mel
ISIC_0033025,nv,nv
ISIC_0033053,nv,nv
ISIC_0033882,nv,bkl
ISIC_0034266,nv,nv
ISIC_0033751,nv,nv
ISIC_0033065,nv,nv
ISIC_0033733,nv,mel
ISIC_0032738,nv,mel
ISIC_0033782,nv,nv
ISIC_0033597,nv,bkl
ISIC_0034045,nv,nv
ISIC_0032814,nv,nv
ISIC_0033735,nv,nv
ISIC_0033982,nv,nv
ISIC_0033620,bkl,bkl
ISIC_0029355,nv,nv
ISIC_0031209,nv,nv
ISIC_0024437,nv,nv
ISIC_0031105,nv,bkl
ISIC_0030909,nv,nv
ISIC_0031323,nv,nv
ISIC_0028008,nv,nv
ISIC_0026440,nv,bkl
ISIC_0028585,nv,bkl
ISIC_0032102,nv,bkl
ISIC_0029360,akiec,vasc
ISIC_0026152,akiec,bcc
ISIC_0029659,akiec,akiec
ISIC_0032329,akiec,akiec
ISIC_0026872,akiec,akiec
ISIC_0024562,akiec,mel
ISIC_0027084,akiec,bkl
ISIC_0028158,akiec,nv
ISIC_0030803,akiec,akiec
ISIC_0025831,akiec,bkl
ISIC_0030602,akiec,akiec
ISIC_0029067,akiec,akiec
ISIC_0027958,akiec,akiec
ISIC_0027896,akiec,akiec
ISIC_0028854,akiec,akiec
ISIC_0025712,akiec,bkl
ISIC_0024707,akiec,bkl
ISIC_0027650,akiec,akiec
ISIC_0030341,akiec,bcc
ISIC_0024517,akiec,bcc
ISIC_0025089,akiec,bkl
ISIC_0027178,akiec,akiec
ISIC_0028314,akiec,akiec
ISIC_0026138,akiec,akiec
ISIC_0030707,akiec,mel
ISIC_0028659,akiec,akiec
ISIC_0025811,akiec,akiec
ISIC_0032154,akiec,bkl
ISIC_0026549,akiec,bkl
ISIC_0032356,akiec,bcc
ISIC_0031672,akiec,akiec
ISIC_0030986,akiec,akiec
ISIC_0031431,akiec,akiec
ISIC_0026525,akiec,akiec
ISIC_0028224,akiec,akiec
ISIC_0032897,akiec,bkl
ISIC_0026319,akiec,bkl
ISIC_0025319,akiec,bkl
ISIC_0030730,akiec,bkl
ISIC_0026178,akiec,akiec
ISIC_0032014,akiec,bkl
ISIC_0027184,akiec,akiec
ISIC_0029462,akiec,akiec
ISIC_0028499,akiec,bkl
ISIC_0031421,akiec,bkl
ISIC_0026626,akiec,akiec
ISIC_0028335,akiec,bkl
ISIC_0025803,akiec,bkl
ISIC_0030158,akiec,akiec
ISIC_0028076,akiec,akiec
ISIC_0030142,akiec,akiec
ISIC_0027930,akiec,mel
ISIC_0027550,akiec,mel
ISIC_0025264,akiec,bcc
ISIC_0026457,akiec,akiec
ISIC_0026848,akiec,akiec
ISIC_0028941,akiec,bkl
ISIC_0030463,akiec,akiec
ISIC_0032206,akiec,akiec
ISIC_0033869,akiec,bkl
ISIC_0033866,akiec,bkl
ISIC_0024654,akiec,bkl
ISIC_0028820,akiec,akiec
ISIC_0029830,akiec,bcc
ISIC_0027884,akiec,bcc
ISIC_0030133,akiec,akiec
ISIC_0029141,akiec,bkl
ISIC_0029309,akiec,akiec
ISIC_0028393,akiec,bkl
ISIC_0031430,akiec,bkl
ISIC_0032854,akiec,akiec
